id,title,content
1,The Rise of AI,artificial intelligence is transforming industries globally machine learning and deep learning are key components that allow systems to learn from data patterns eventually outperforming humans in specific analytical tasks from healthcare diagnostics to financial fraud detection ai is no longer a futuristic concept but a foundational layer of modern business operations
2,Future of Robotics,robotics is advancing rapidly integrating with ai for autonomous systems humanrobot interaction is a growing field focused on how machines can work alongside people in factories and homes as sensors become more sensitive and actuators more precise we are moving toward a world where cobots handle the heavy lifting while humans focus on creative problemsolving
3,Data Engineering,data engineering leverages tools and computation to move massive amounts of data big data analytics is crucial for turning raw information into actionable insights by building robust pipelines using tools like spark and kafka data engineers ensure that data is clean reliable and available for data scientists to perform complex modeling
4,Cybersecurity Trends,as digital threats evolve zerotrust architecture has become the gold standard instead of trusting anyone inside a network this model verifies every request as if it originates from an open network combined with aidriven threat detection companies can now identify and neutralize breaches in milliseconds rather than days
5,Cloud Computing Evolution,serverless computing and edge computing are redefining how applications are deployed by removing the need to manage physical or virtual servers developers can focus entirely on code this shift reduces latency for global users and significantly lowers the operational overhead for startups looking to scale quickly
6,Internet of Things (IoT),the proliferation of smart devices is creating interconnected ecosystems where every object has a digital voice from smart thermostats that save energy to industrial sensors that prevent machine failure iot is bridging the gap between the physical and digital worlds creating a nervous system for the planet
7,Blockchain Fundamentals,beyond cryptocurrency blockchain technology provides a decentralized ledger system that ensures transparency by using a distributed consensus mechanism it eliminates the need for middlemen in sectors like real estate voting and global logistics making data tampering nearly impossible
8,Quantum Computing Basics,by leveraging qubits and superposition quantum computers aim to solve complex mathematical problems that are impossible for classical binary systems while still in the experimental stage the potential for quantum computing to revolutionize cryptography and material science is unprecedented
9,Edge Computing,processing data closer to the source reduces latency and bandwidth use this is critical for realtime applications like autonomous vehicles where a delay of even a few milliseconds in processing a stop command could be the difference between safety and an accident
10,5G and Connectivity,the rollout of g networks enables faster mobile speeds and supports the massive influx of iot devices with its high throughput and low latency g acts as the backbone for the next generation of smart cities enabling everything from remote surgery to realtime traffic management
11,Augmented Reality (AR),ar overlays digital information onto the physical world transforming retail and education by using a smartphone or specialized glasses users can see repair instructions floating over a broken machine or visualize how furniture looks in their living room before making a purchase
12,Virtual Reality (VR),vr creates fully immersive digital environments moving beyond gaming into highstakes simulation in the medical field surgeons use vr to practice complex operations in a riskfree environment while pilots use it to simulate emergency landings in extreme weather conditions
13,Natural Language Processing,nlp allows machines to understand and respond to human language recent breakthroughs in large language models llms have enabled ai to write essays summarize long documents and provide customer support that feels increasingly indistinguishable from human interaction
14,Computer Vision,by training neural networks to interpret visual data computer vision enables facial recognition and automated quality control in autonomous driving it allows the car to see pedestrians lane markings and traffic lights making realtime navigation decisions based on visual input
15,DevOps Culture,devops bridges the gap between development and operations teams by emphasizing automation continuous integration and continuous delivery cicd organizations can release software updates daily rather than monthly drastically improving their ability to respond to market changes
16,Fintech Innovation,digital banking and peertopeer payment systems are disrupting traditional finance by removing the friction of physical branches and long processing times fintech apps allow users to invest in stocks send money across borders and take out loans with just a few taps on a screen
17,Bioinformatics,the intersection of biology and data science is accelerating drug discovery by using algorithms to analyze vast genomic datasets scientists can identify the genetic markers of diseases and develop personalized treatments that are more effective and have fewer side effects
18,Renewable Energy Tech,smart grids and advanced battery storage are essential for a sustainable future because solar and wind energy are intermittent highcapacity storage systems are required to hold power for use when the sun isnt shining or the wind isnt blowing ensuring a steady supply of green energy
19,Autonomous Drones,selfflying drones are being used for everything from agricultural monitoring to emergency delivery in remote areas drones can deliver lifesaving medicine in minutes bypassing washedout roads or heavy traffic that would stop traditional ambulances
20,Digital Twins,a digital twin is a virtual replica of a physical asset engineers use these models to simulate how a bridge might react to an earthquake or how a jet engine wears down over time allowing for predictive maintenance that prevents costly and dangerous failures
21,Cyber Hygiene,basic practices like multifactor authentication mfa and regular software updates remain the first line of defense while hackers use sophisticated tools the majority of breaches still occur through simple errors like reused passwords or clicking on unverified email links
22,E-commerce Analytics,predictive modeling helps retailers understand consumer behavior by analyzing past purchases and browsing history ecommerce platforms can suggest products with high accuracy optimizing inventory levels and reducing the amount of unsold stock in warehouses
23,Remote Work Security,the shift to remote work has forced companies to rethink their security perimeters instead of a fortress office they now use vpns and identity management tools to ensure that employees can access sensitive company data securely from any coffee shop or home office in the world
24,Ethical AI,as ai becomes more prevalent addressing algorithmic bias is a major priority if training data contains human prejudices the ai will likely repeat them industry leaders are now focusing on explainable ai to ensure that machinemade decisions are fair and transparent
25,Green Computing,sustainable it focuses on reducing the carbon footprint of the digital world this includes designing data centers that run on renewable energy and developing hardware that is easier to recycle combatting the growing global problem of electronic waste
26,No-Code Platforms,nocode tools empower nondevelopers to build functional applications using visual interfaces this democratization of tech allows entrepreneurs and business analysts to create software solutions without needing to learn complex programming languages like c or java
27,3D Printing,additive manufacturing allows for the creation of complex parts that were previously impossible to build in the aerospace industry d printing is used to create lightweight engine components that reduce fuel consumption and lower the overall cost of space travel
28,Wearable Technology,healthtracking wearables monitor vitals in realtime providing users with actionable data future devices may even be able to detect early signs of chronic illnesses like diabetes or heart disease by monitoring sweat and blood flow continuously throughout the day
29,Smart Cities,urban areas are using sensors to manage traffic flow and reduce energy consumption by analyzing realtime data from streetlights and transit systems smart cities can reduce congestion lower carbon emissions and improve the overall quality of life for their residents
30,Metaverse Concepts,the metaverse aims to create a persistent shared d virtual space proponents believe it will be the next evolution of the internet where we move from looking at a screen to being inside the digital world for work education and social gatherings
31,Full Stack Development,full stack developers manage both the user interface and the backend server logic having a holistic understanding of the entire tech stack allows these developers to build more cohesive products and troubleshoot issues that span from the database to the browser
32,Microservices Architecture,breaking large applications into independent services makes them easier to scale if one part of a social media appâlike the likes buttonâfails a microservices setup ensures that the rest of the app like the news feed and messaging continues to work perfectly
33,Agile Methodology,agile focuses on iterative development and constant feedback instead of building a product for a year and hoping it works agile teams release small updates every two weeks allowing them to pivot quickly based on what the users actually want and need
34,Big Data Privacy,regulations like gdpr and ccpa govern how companies collect and use consumer data these laws grant users the right to be forgotten and require companies to be crystal clear about what data they are collecting and who they are sharing it with
35,Robotic Process Automation,rpa uses software bots to handle repetitive tasks like data entry and invoice processing this technology doesnt replace humans but rather frees them up to handle higherlevel tasks that require emotional intelligence and creative thinking
36,The Gig Economy Tech,platforms connecting freelancers with tasks rely on complex matching algorithms these systems must balance supply and demand in realtime calculating surge pricing and route optimization to ensure that both the worker and the customer get a fair deal
37,Containerization,containers package applications with all their dependencies this ensures that a piece of software will run exactly the same way on a developers laptop as it does on a massive production server eliminating the dreaded it works on my machine problem
38,Kubernetes Orchestration,kubernetes automates the management of containerized applications as companies grow to use thousands of containers kubernetes acts as the conductor of the orchestra making sure every service is running healthy and scaling up or down as needed
39,Graph Databases,unlike traditional tables graph databases focus on the relationships between data points this makes them incredibly powerful for social media companies who need to see how millions of users are connected or for banks looking to spot complex moneylaundering rings
40,Predictive Maintenance,using sensors and ai factories can predict when a machine is likely to fail by fixing a bearing or a belt before it snaps companies avoid unplanned downtime which can cost large manufacturing plants tens of thousands of dollars per hour
41,API Economy,application programming interfaces allow different software systems to talk to each other when you use a travel site to compare flights apis are working behind the scenes to pull realtime pricing data from dozens of different airlines into one single view
42,Deepfakes and Synthetic Media,ai can now create highly realistic audio and video of people saying things they never said while this has fun applications in movies and gaming it also poses a serious threat to digital trust requiring new tools to verify the authenticity of media
43,Space Exploration Tech,reusable rockets are lowering the cost of access to space by landing rocket boosters back on earth instead of letting them burn up in the atmosphere companies like spacex have made it much more affordable to launch satellites and scientific missions
44,Smart Agriculture,precision farming uses gps and sensors to optimize resources by knowing exactly which part of a field needs more water or less fertilizer farmers can increase their total crop yield while significantly reducing the environmental impact of their farming practices
45,Open Source Software,opensource allows developers to collaborate on code globally some of the worlds most important technologies like the linux operating system and the python programming language were built by thousands of volunteers sharing their work for free
46,SaaS Business Models,software as a service provides cloudbased apps via subscription this model allows small businesses to access enterprisegrade softwareâlike crm or accounting toolsâwithout needing to pay massive upfront costs for permanent licenses and server hardware
47,User Experience (UX) Design,ux design focuses on the endtoend journey of a user a good ux designer looks at everything from the loading speed of a page to the color of a button ensuring that the final product is not just functional but actually pleasant to use
48,Neuralink and BCI,braincomputer interfaces aim to create direct communication between the brain and computers while still early this technology holds the promise of allowing paralyzed individuals to control robotic limbs or type on a screen using only their thoughts
49,Quantum Cryptography,quantum key distribution uses the laws of physics to create unhackable encryption because the act of measuring a quantum particle changes its state any attempt by a hacker to intercept a quantum key would be immediately detected by the sender
50,Tech Regulation Policy,governments are debating how to regulate big tech regarding antitrust and data sovereignty as technology becomes central to our lives laws are being written to ensure that no single company has too much power over public discourse or personal information
